,Team compo,Mean return,Std,Median return,Success rate,Success std
0,"[0, 0, 0, 0]",-0.91376,29.59659309215167,-20.0,0.88992,0.3129894464674488
1,"[0, 0, 0, 1]",-2.61552,29.497827973083034,-20.0,0.88168,0.3229866523557901
2,"[0, 0, 1, 1]",-3.489916666666667,29.680996698107283,-20.0,0.869625,0.33671554667849835
3,"[0, 0, 1, 2]",-2.6617083333333333,29.60550934789442,-20.0,0.8789166666666667,0.32622409433121613
4,"[0, 1, 2, 3]",-3.1169583333333333,29.650107291794587,-20.0,0.874875,0.33086059658865397
