,Team compo,Mean return,Std,Median return,Success rate,Success std
0,"[0, 0, 0, 0]",-2.3833333333333333,29.651646478549704,-20.0,0.441875,0.496609992222267
1,"[0, 0, 0, 1]",-2.306125,29.52386033619319,-20.0,0.4360833333333333,0.49589783193942505
2,"[0, 0, 1, 1]",-3.1479166666666667,29.655400643498123,-20.0,0.4259583333333333,0.49448744331602823
3,"[0, 0, 1, 2]",-2.806958333333333,29.659737466498203,-20.0,0.43154166666666666,0.4952912845964707
4,"[0, 1, 2, 3]",-3.134875,29.647245803520686,-20.0,0.4255833333333333,0.4944311476052274
