,Team compo,Mean return,Std,Median return,Success rate,Success std
0,"[0, 0, 0, 0]",1.818375,28.487726375160964,10.0,0.507875,0.4999379805285852
1,"[0, 0, 0, 1]",-0.12833333333333333,29.10195779019381,-20.0,0.479625,0.4995846868900206
2,"[0, 0, 1, 1]",-1.2981666666666667,29.196612474261844,-20.0,0.46379166666666666,0.49868723324065783
3,"[0, 0, 1, 2]",-1.9384583333333334,29.357318865260794,-20.0,0.453125,0.4977978850648122
4,"[0, 1, 2, 3]",-3.07675,29.38928136987191,-20.0,0.433375,0.4955412287337957
