,Team compo,Mean return,Std,Median return,Success rate,Success std
0,"[0, 0, 0, 0]",2.53476,28.030514653541413,11.0,0.927,0.2601365026289083
1,"[0, 0, 0, 1]",-1.33596,29.125674771211738,-20.0,0.88936,0.3136858147892569
2,"[0, 0, 1, 1]",-1.6185833333333333,29.42934937540622,-20.0,0.8832083333333334,0.3211718749577691
3,"[0, 0, 1, 2]",-2.8605,29.31433022289042,-20.0,0.8775416666666667,0.32781441385417387
4,"[0, 1, 2, 3]",-2.5195416666666666,29.412931421229178,-20.0,0.879,0.32612727576821904
