,Team compo,Mean return,Std,Median return,Success rate,Success std
0,"[0, 0, 0, 0]",2.53476,28.030514653541413,11.0,0.927,0.2601365026289083
1,"[0, 0, 0, 1]",-1.33596,29.125674771211738,-20.0,0.88936,0.3136858147892569
