,Team compo,Mean return,Std,Median return,Success rate,Success std
0,"[0, 0, 0, 0]",2.147,27.99138065548036,10.0,0.507,0.4999509975987647
1,"[0, 0, 0, 1]",1.915,29.041690291716836,12.0,0.522,0.4995157655169654
2,"[0, 0, 1, 1]",0.07266666666666667,28.71736500601838,-20.0,0.4851666666666667,0.4997799237886834
3,"[0, 0, 1, 2]",-0.14775,29.265108689430264,-20.0,0.4801666666666667,0.4996064840340735
4,"[0, 1, 2, 3]",-2.5195416666666666,29.412931421229178,-20.0,0.4417083333333333,0.4965904566111014
