,Team compo,Mean return,Std,Median return,Success rate,Success std
0,"[0, 0, 0, 0]",0.602,28.317478630697334,-20.0,0.487,0.49983097142934235
1,"[0, 0, 0, 1]",0.564,29.035691898076067,-20.0,0.4895,0.4998897378422566
2,"[0, 0, 1, 1]",-0.35983333333333334,28.793286601316556,-20.0,0.4751666666666667,0.4993829247737206
3,"[0, 0, 1, 2]",-1.4974166666666666,29.33364950575344,-20.0,0.45616666666666666,0.4980749330059574
4,"[0, 1, 2, 3]",-2.0515416666666666,29.43866876162367,-20.0,0.4483333333333333,0.4973233913215379
