,Team compo,Mean return,Std,Median return,Success rate,Success std
0,"[0, 0, 0, 0]",2.1037916666666665,28.56427872284888,11.0,0.5167083333333333,0.4997207536186808
1,"[0, 0, 0, 1]",1.1409166666666666,28.71555430702535,10.0,0.5001666666666666,0.4999999722222214
2,"[0, 0, 1, 1]",-0.4394166666666667,28.98380432229447,-20.0,0.47383333333333333,0.49931483610599386
3,"[0, 0, 1, 2]",-0.7646666666666667,29.29342278092852,-20.0,0.46729166666666666,0.49892901792795696
4,"[0, 1, 2, 3]",-2.0462083333333334,29.16430734859417,-20.0,0.450375,0.4975312647211228
