,Team compo,Mean return,Std return,Median return,Ci lower return,Ci upper return,Mean success rate,Std success rate,Median success rate,Ci lower success rate,Ci upper success rate
0,AAAA,15.684000000000001,0.9842479362437088,16.238,17.492443605981165,13.875556394018835,0.718,0.02199999999999997,0.73,0.7584224970828227,0.6775775029171772
1,AAAB,13.820583333333332,2.1960018199117126,13.815999999999999,14.464983624727306,13.176183041939357,0.6823333333333333,0.04041314417639664,0.68,0.6941922678967226,0.6704743987699441
2,AABB,13.433111111111112,2.2618009758422573,13.418,14.209250085149083,12.65697213707314,0.6757777777777778,0.04226839580526586,0.678,0.690282214598225,0.6612733409573306
3,AABC,12.734888888888888,2.494423845497724,13.056000000000001,13.147215418609283,12.322562359168492,0.6619444444444444,0.04643749948075038,0.664,0.6696205308659042,0.6542683580229847
4,ABCD,11.762,2.4784591987765303,12.336,12.831070808417518,10.692929191582483,0.6451666666666666,0.04274699469618369,0.65,0.6636053660811365,0.6267279672521966
