,Team compo,Mean return,Std
0,"[0, 0, 0, 0]",14.975999999999999,1.3333666662500099
1,"[0, 0, 0, 1]",11.202666666666667,4.162116235228847
2,"[0, 0, 1, 1]",11.187333333333333,2.8331265806917667
3,"[0, 0, 1, 2]",11.210666666666667,3.520960411907839
4,"[0, 1, 2, 3]",8.296166666666666,5.245631004835251
