,Team compo,Mean return,Std,Median return,Success rate,Success std
0,"[0, 0, 0, 0]",15.696,26.081019611970696,25.0,0.716,0.45093680266751346
1,"[0, 0, 0, 1]",12.417,27.348018410846514,22.0,0.66525,0.471902995858259
2,"[0, 0, 1, 1]",12.444166666666666,27.740503768056477,22.0,0.6651666666666667,0.4719321690902436
3,"[0, 0, 1, 2]",13.523583333333333,27.294448956269278,23.0,0.68025,0.46637960665106276
4,"[0, 1, 2, 3]",13.015833333333333,27.735674968751386,23.0,0.6715416666666667,0.4696524849260591
