,Team compo,Mean return,Std,Median return,Success rate,Success std
0,"[0, 0, 0, 0]",16.549041666666668,25.75295474791706,25.0,0.7298333333333333,0.4440457621562094
1,"[0, 0, 0, 1]",14.538208333333333,26.83034271348884,24.0,0.6968333333333333,0.45962662987351904
2,"[0, 0, 1, 1]",13.787208333333334,27.38508891178915,24.0,0.6838333333333333,0.4649788226957821
3,"[0, 0, 1, 2]",13.826,27.325472987672143,24.0,0.6855,0.46431643304970366
4,"[0, 1, 2, 3]",13.074416666666666,27.57805218211979,23.0,0.6716666666666666,0.4696068095285198
