,Team compo,Mean return,Std,Median return,Success rate,Success std
0,"[0, 0, 0, 0]",15.696,26.081019611970696,25.0,0.716,0.45093680266751346
1,"[0, 0, 0, 1]",14.1345,26.55284183943406,23.0,0.6925,0.46145828630549046
2,"[0, 0, 1, 1]",14.2245,26.799423496597832,24.0,0.6981666666666667,0.4590533435475906
3,"[0, 0, 1, 2]",13.430416666666666,27.096887733213734,23.0,0.6849166666666666,0.4645490570315356
4,"[0, 1, 2, 3]",12.853666666666667,27.641324797403534,23.0,0.6688333333333333,0.47063287768233486
