,Team compo,Mean return,Std,Median return,Success rate,Success std
0,"[0, 0, 0, 0]",7.378,27.19667472320835,17.0,0.602,0.4894854441145313
1,"[0, 0, 0, 1]",6.90425,27.926879201541656,16.0,0.58675,0.49241693461943403
2,"[0, 0, 1, 1]",5.716333333333333,28.164715512301715,15.0,0.565,0.4957569969249047
3,"[0, 0, 1, 2]",5.013166666666667,28.334484172215937,14.0,0.5538333333333333,0.4970935246231057
4,"[0, 1, 2, 3]",3.8779166666666667,28.85139388301812,13.0,0.536125,0.4986932768496083
