,Team compo,Mean return,Std,Median return,Success rate,Success std
0,"[0, 0, 0, 0]",8.40136,27.09557067401239,17.0,0.9574,0.20195355901790887
1,"[0, 0, 0, 1]",5.62596,28.029485440842468,14.0,0.94212,0.23351639257234166
2,"[0, 0, 1, 1]",4.64325,28.29706956743342,13.0,0.9360833333333334,0.24460442839181978
3,"[0, 0, 1, 2]",3.32225,28.922905944438455,12.0,0.9215416666666667,0.26889147116241696
4,"[0, 1, 2, 3]",3.8779166666666667,28.85139388301812,13.0,0.9256666666666666,0.2623125785944869
