,Message,A0a0,A0a1,A0a2,A0a3,A0a4,A1a0,A1a1,A1a2,A1a3,A1a4
0,"['Prey', 'North']",0.074672,0.21678,0.30566,0.332456,0.070432,0.075094,0.26051,0.377402,0.063908,0.223086
1,"['Prey', 'South']",0.280504,0.13877,0.024898,0.209084,0.346744,0.413148,0.18642,0.274908,0.025,0.100524
2,"['Prey', 'East']",0.136266,0.160154,0.202756,0.343918,0.156906,0.219356,0.243604,0.293592,0.056166,0.187282
3,"['Prey', 'West']",0.12548,0.400488,0.119966,0.1924,0.161666,0.21183,0.292108,0.178604,0.05281,0.264648
4,"['Prey', 'North', 'West']",0.05852,0.263884,0.333312,0.188256,0.156028,0.05801,0.322244,0.327058,0.08666,0.206028
5,"['Prey', 'North', 'East']",0.08084,0.149984,0.333612,0.36656,0.069004,0.061492,0.238916,0.367542,0.124834,0.207216
6,"['Prey', 'South', 'West']",0.234382,0.285814,0.027776,0.194294,0.257734,0.395704,0.257736,0.15029,0.022294,0.173976
7,"['Prey', 'South', 'East']",0.197004,0.169152,0.067012,0.203194,0.363638,0.313178,0.24203,0.291156,0.05281,0.100826
8,[],0.18913,0.293726,0.083132,0.24462,0.189392,0.163664,0.431028,0.347304,0.00839,0.049614
